<?xml version="1.0" encoding="UTF-8"?>
<project-private xmlns="http://www.netbeans.org/ns/project-private/1">
    <editor-bookmarks xmlns="http://www.netbeans.org/ns/editor-bookmarks/2" lastBookmarkId="0"/>
    <open-files xmlns="http://www.netbeans.org/ns/projectui-open-files/2">
        <group>
            <file>file:/C:/Users/503/Documents/NetBeansProjects/WebApplication4/web/WEB-INF/newjspaddBook.jsp</file>
            <file>file:/C:/Users/503/Documents/NetBeansProjects/WebApplication4/src/java/Book/java.java</file>
            <file>file:/C:/Users/503/Documents/NetBeansProjects/WebApplication4/nbproject/build-impl.xml</file>
            <file>file:/C:/Users/503/Documents/NetBeansProjects/WebApplication4/web/index.html</file>
            <file>file:/C:/Users/503/Documents/NetBeansProjects/WebApplication4/src/java/BookServlet/BookServlet.java</file>
            <file>file:/C:/Users/503/Documents/NetBeansProjects/WebApplication4/web/WEB-INF/newjspbookList.jsp</file>
        </group>
    </open-files>
</project-private>
